url,title,release_year,genre,imdb_rating,runtime,age_rating,production_country,streaming_service,type
https://www.justwatch.com/in/movie/project-k, Kalki 2898-AD (2024),2024,"Drama, Fantasy, Science-Fiction, Mystery & Thriller, Action & Adventure",7.5,3h 1min,UA,India,"Amazon Prime Video , Amazon Prime Video , Netflix , Amazon Video , Bookmyshow",Movie
https://www.justwatch.com/in/movie/kill-2024, Kill (2024),2024,"Action & Adventure, Crime, Drama, Mystery & Thriller",7.6,1h 45min,A,India,,Movie
https://www.justwatch.com/in/movie/munjha, Munjya (2024),2024,"Comedy, Horror",7.1,2h 3min,A,India,Hotstar,Movie
https://www.justwatch.com/in/movie/maharaja-2024, Maharaja (2024),2024,"Action & Adventure, Crime, Drama, Mystery & Thriller",8.6,2h 30min,A,India,"Netflix , Bookmyshow",Movie
https://www.justwatch.com/in/movie/deadpool-3, Deadpool & Wolverine (2024),2024,"Comedy, Science-Fiction, Action & Adventure",8.0,2h 8min,A,United States,Bookmyshow,Movie
https://www.justwatch.com/in/movie/stree-2, Stree 2: Sarkate Ka Aatank (2024),2024,"Horror, Comedy",7.9,2h 27min,UA,India,Bookmyshow,Movie
https://www.justwatch.com/in/movie/stree, Stree (2018),2018,"Horror, Comedy, Drama",7.5,2h 8min,UA,India,"Apple TV , Hotstar , Apple TV , Apple TV",Movie
https://www.justwatch.com/in/movie/chandu-champion, Chandu Champion (2024),2024,"Drama, History, Sport, War & Military, Action & Adventure",8.0,2h 22min,UA,India,"Amazon Prime Video , Amazon Prime Video , Bookmyshow",Movie
https://www.justwatch.com/in/movie/kingdom-of-the-planet-of-the-apes, Kingdom of the Planet of the Apes (2024),2024,"Science-Fiction, Drama, Mystery & Thriller, Action & Adventure",6.9,2h 25min,UA,United States,"Apple TV , Hotstar , Apple TV , Amazon Video , Apple TV",Movie
https://www.justwatch.com/in/movie/aadujeevitham, The Goat Life (2024),2024,Drama,7.8,2h 0min,UA,"United States, India",Netflix,Movie
https://www.justwatch.com/in/movie/agent, Agent (2023),2023,"Mystery & Thriller, Action & Adventure",4.2,2h 34min,UA,India,,Movie
https://www.justwatch.com/in/movie/deadpool, Deadpool (2016),2016,"Comedy, Action & Adventure",8.0,1h 48min,A,United States,"Apple TV , Hotstar , Amazon Video , Apple TV , Apple TV",Movie
https://www.justwatch.com/in/movie/dune-part-two, Dune: Part Two (2024),2024,"Science-Fiction, Action & Adventure, Drama",8.5,2h 47min,A,United States,"Apple TV , Jio Cinema , Amazon Video , Apple TV , Apple TV",Movie
https://www.justwatch.com/in/movie/the-ministry-of-ungentlemanly-warfare, The Ministry of Ungentlemanly Warfare (2024),2024,"War & Military, Action & Adventure, Comedy",6.8,2h 2min,A,"Turkey, United States, United Kingdom","Amazon Prime Video , Amazon Prime Video",Movie
https://www.justwatch.com/in/movie/indian-2, Indian 2 (2024),2024,"Action & Adventure, Drama, Mystery & Thriller",4.1,3h 0min,UA,India,Netflix,Movie
https://www.justwatch.com/in/movie/phir-aayi-hasseen-dillruba, Phir Aayi Hasseen Dillruba (2024),2024,"Mystery & Thriller, Romance, Crime, Drama",5.8,2h 13min,UA,India,Netflix,Movie
https://www.justwatch.com/in/movie/aavesham-2024, Aavesham (2024),2024,"Comedy, Action & Adventure",7.9,2h 38min,UA,India,"Amazon Prime Video , Amazon Prime Video , Hotstar , Amazon Video",Movie
https://www.justwatch.com/in/movie/laila-majnu, Laila Majnu (2018),2018,"Drama, Romance",7.7,2h 19min,UA,India,Zee5,Movie
https://www.justwatch.com/in/movie/the-gangster-the-cop-the-devil," The Gangster, the Cop, the Devil (2019)",2019,"Mystery & Thriller, Action & Adventure, Crime",6.9,1h 50min,UA,South Korea,,Movie
https://www.justwatch.com/in/movie/the-fall-guy, The Fall Guy (2024),2024,"Comedy, Drama, Romance, Action & Adventure",6.9,2h 6min,UA,"Australia, Canada, United States","Apple TV , Zee5 , Amazon Video , Apple TV , Apple TV",Movie
https://www.justwatch.com/in/movie/bhaiyaaji, Bhaiyya Ji (2024),2024,"Action & Adventure, Drama",5.1,2h 30min,UA,India,Zee5,Movie
https://www.justwatch.com/in/movie/365-days, 365 Days (2020),2020,"Drama, Romance, Made in Europe",3.3,1h 54min,UA,Poland,Netflix,Movie
https://www.justwatch.com/in/movie/ullozhukku, Ullozhukku (2024),2024,Drama,7.6,2h 3min,U,India,"Amazon Prime Video , Amazon Prime Video , Amazon Video",Movie
https://www.justwatch.com/in/movie/raayan, Raayan (2024),2024,"Action & Adventure, Drama, Mystery & Thriller",6.8,2h 25min,A,India,"Amazon Prime Video , Amazon Prime Video , Sun Nxt , Amazon Video , Bookmyshow",Movie
https://www.justwatch.com/in/movie/weapon-2024, Weapon (2024),2024,"Science-Fiction, Mystery & Thriller, Action & Adventure",6.9,2h 0min,UA,India,"Amazon Prime Video , Amazon Prime Video , aha",Movie
https://www.justwatch.com/in/movie/furiosa, Furiosa: A Mad Max Saga (2024),2024,"Action & Adventure, Science-Fiction, Mystery & Thriller",7.6,2h 28min,A,"Australia, United States","Apple TV , Amazon Video , Apple TV , Apple TV",Movie
https://www.justwatch.com/in/movie/bad-boys-4, Bad Boys: Ride or Die (2024),2024,"Action & Adventure, Crime, Mystery & Thriller, Comedy",6.7,1h 55min,A,United States,"Apple TV , Zee5 , Amazon Video , Apple TV , Apple TV",Movie
https://www.justwatch.com/in/movie/je-jatt-vigad-gya, Je Jatt Vigad Gya (2024),2024,Drama,4.8,2h 12min,A,India,,Movie
https://www.justwatch.com/in/movie/harom-hara, Harom Hara (2024),2024,"Action & Adventure, Crime, Drama",8.0,2h 34min,A,India,"Amazon Prime Video , Amazon Prime Video , Jio Cinema , aha",Movie
https://www.justwatch.com/in/movie/golam, Golam (2024),2024,Crime,7.3,2h 0min,UA,India,"Amazon Prime Video , Amazon Prime Video",Movie
https://www.justwatch.com/in/movie/a-quiet-place-day-one, A Quiet Place: Day One (2024),2024,"Horror, Science-Fiction, Mystery & Thriller, Drama",6.4,1h 39min,UA,"United States, United Kingdom, Canada","Apple TV , Amazon Video , Apple TV , Apple TV",Movie
https://www.justwatch.com/in/movie/mr-and-mrs-mahi, Mr. & Mrs. Mahi (2024),2024,"Romance, Drama, Sport",6.0,2h 19min,U,India,Netflix,Movie
https://www.justwatch.com/in/movie/deadpool-2, Deadpool 2 (2018),2018,"Action & Adventure, Comedy, Science-Fiction",7.6,2h 0min,A,United States,"Apple TV , Hotstar , Amazon Video , Apple TV , Apple TV",Movie
https://www.justwatch.com/in/movie/love-lies-bleeding-2024, Love Lies Bleeding (2024),2024,"Mystery & Thriller, Crime, Romance, Action & Adventure",6.7,1h 44min,A,"United Kingdom, United States","Amazon Prime Video , Amazon Prime Video",Movie
https://www.justwatch.com/in/movie/salaar, Salaar (2023),2023,"Crime, Drama, Mystery & Thriller, Action & Adventure",6.5,2h 55min,A,India,"Hotstar , Netflix , Bookmyshow",Movie
https://www.justwatch.com/in/movie/savi-a-bloody-housewife, Savi (2024),2024,"Mystery & Thriller, Drama, Romance, Action & Adventure",6.6,2h 3min,UA,India,Netflix,Movie
https://www.justwatch.com/in/movie/maharshi, Maharshi (2019),2019,"Drama, Action & Adventure",7.2,2h 56min,UA,India,"Amazon Prime Video , Amazon Prime Video , Hotstar , Amazon Video",Movie
https://www.justwatch.com/in/movie/dune-2021, Dune (2021),2021,"Science-Fiction, Action & Adventure, Drama",8.0,2h 35min,UA,United States,"Apple TV , Netflix , Amazon Video , Apple TV , Apple TV",Movie
https://www.justwatch.com/in/movie/aattam, Aattam (2024),2024,"Mystery & Thriller, Drama",8.2,2h 19min,UA,India,"Amazon Prime Video , Amazon Prime Video , Bookmyshow",Movie
https://www.justwatch.com/in/movie/twisters, Twisters (2024),2024,"Drama, Mystery & Thriller, Action & Adventure",6.7,2h 3min,UA,United States,Bookmyshow,Movie
https://www.justwatch.com/in/movie/maharaj, Maharaj (2024),2024,"Drama, History, Mystery & Thriller, Crime",6.5,2h 12min,UA,India,Netflix,Movie
https://www.justwatch.com/in/movie/laapataa-ladies, Laapataa Ladies (2024),2024,"Drama, Comedy",8.4,2h 2min,UA,India,Netflix,Movie
https://www.justwatch.com/in/movie/inside-out-2, Inside Out 2 (2024),2024,"Kids & Family, Action & Adventure, Comedy, Animation, Drama, Fantasy",7.8,1h 37min,U,United States,"Apple TV , Apple TV , Bookmyshow",Movie
https://www.justwatch.com/in/movie/family-star, The Family Star (2024),2024,"Drama, Romance, Action & Adventure, Comedy",5.3,2h 39min,U,India,"Amazon Prime Video , Amazon Prime Video , Jio Cinema , Amazon Video , Bookmyshow",Movie
https://www.justwatch.com/in/movie/despicable-me-4-2024, Despicable Me 4 (2024),2024,"Kids & Family, Comedy, Action & Adventure, Animation, Science-Fiction, Crime",6.2,1h 34min,U,United States,"Apple TV , Zee5 , Amazon Video , Apple TV , Apple TV , Bookmyshow",Movie
https://www.justwatch.com/in/movie/oppenheimer, Oppenheimer (2023),2023,"Drama, History",8.3,3h 0min,UA,"United Kingdom, United States","Apple TV , Jio Cinema , Jio Cinema , Zee5 , Amazon Video , Apple TV , Hungama Play , Apple TV",Movie
https://www.justwatch.com/in/movie/perfect-days, Perfect Days (2023),2023,Drama,7.9,2h 4min,UA,"Japan, Germany","MUBI , MUBI Amazon Channel",Movie
https://www.justwatch.com/in/movie/bhediya, Bhediya (2022),2022,"Comedy, Fantasy, Horror, Mystery & Thriller",6.7,2h 36min,UA,India,"Jio Cinema , Jio Cinema",Movie
https://www.justwatch.com/in/movie/manjummel-boys, Manjummel Boys (2024),2024,"Mystery & Thriller, Drama, Action & Adventure",8.3,2h 15min,UA,India,Hotstar,Movie
https://www.justwatch.com/in/movie/siddharth-roy, Siddharth Roy (2024),2024,"Drama, Romance",7.4,2h 28min,A,India,aha,Movie
https://www.justwatch.com/in/movie/it-ends-with-us, It Ends with Us (2024),2024,"Drama, Romance",6.8,2h 10min,A,United States,Bookmyshow,Movie
https://www.justwatch.com/in/movie/kung-fu-panda-4, Kung Fu Panda 4 (2024),2024,"Comedy, Kids & Family, Fantasy, Animation, Action & Adventure",6.3,1h 34min,U,United States,"Apple TV , Jio Cinema , Zee5 , Amazon Video , Apple TV , Apple TV , Bookmyshow",Movie
https://www.justwatch.com/in/movie/sam-bahadur, Sam Bahadur (2023),2023,"Drama, War & Military, History",7.7,2h 30min,UA,India,"Zee5 , Bookmyshow",Movie
https://www.justwatch.com/in/movie/chandni-chowk-to-china, Chandni Chowk to China (2009),2009,"Action & Adventure, Comedy, Drama, Fantasy",4.3,2h 34min,U,"Thailand, China, India",,Movie
https://www.justwatch.com/in/movie/godzilla-x-kong-the-new-empire, Godzilla x Kong: The New Empire (2024),2024,"Action & Adventure, Science-Fiction, Mystery & Thriller, Fantasy",6.1,1h 55min,UA,United States,"Apple TV , Amazon Video , Apple TV , Apple TV",Movie
https://www.justwatch.com/in/movie/the-hunger-games-the-ballad-of-songbirds-and-snakes, The Hunger Games: The Ballad of Songbirds & Snakes (2023),2023,"Mystery & Thriller, War & Military, Action & Adventure, Drama, Science-Fiction",6.7,2h 37min,UA,"United States, Canada","Amazon Prime Video , Apple TV , Amazon Prime Video , Amazon Video , Apple TV",Movie
https://www.justwatch.com/in/movie/the-union, The Union (2024),2024,"Comedy, Action & Adventure, Mystery & Thriller",5.5,1h 49min,UA,United States,Netflix,Movie
https://www.justwatch.com/in/movie/animal-2022, Animal (2023),2023,"Drama, Action & Adventure, Crime, Mystery & Thriller",6.2,3h 24min,A,India,"Netflix , Bookmyshow",Movie
https://www.justwatch.com/in/movie/ghostbusters-frozen-empire, Ghostbusters: Frozen Empire (2024),2024,"Action & Adventure, Comedy, Fantasy, Science-Fiction",6.1,1h 55min,A,United States,"Apple TV , Netflix , Zee5 , Amazon Video , Apple TV , Apple TV",Movie
https://www.justwatch.com/in/movie/dangal, Dangal (2016),2016,"Drama, Comedy, Action & Adventure, Sport",8.3,2h 41min,U,"India, United States","Apple TV , Amazon Video , Apple TV , Apple TV",Movie
https://www.justwatch.com/in/movie/12th-fail, 12th Fail (2023),2023,Drama,8.9,2h 26min,U,India,Hotstar,Movie
https://www.justwatch.com/in/movie/haseen-dillruba, Haseen Dillruba (2021),2021,"Mystery & Thriller, Crime, Drama, Romance",6.9,2h 15min,U,India,Netflix,Movie
https://www.justwatch.com/in/movie/longlegs, Longlegs (2024),2024,"Mystery & Thriller, Crime, Horror",7.0,1h 41min,A,"Canada, United States",Bookmyshow,Movie
https://www.justwatch.com/in/movie/turbo-2024, Turbo (2024),2024,Action & Adventure,7.0,2h 30min,UA,India,,Movie
https://www.justwatch.com/in/movie/premalu, Premalu (2024),2024,"Comedy, Romance",7.8,2h 36min,U,India,"Hotstar , aha",Movie
https://www.justwatch.com/in/movie/inside-out, Inside Out (2015),2015,"Animation, Kids & Family, Action & Adventure, Drama, Comedy, Fantasy",8.1,1h 35min,U,United States,"Apple TV , Hotstar , Tata Play , Apple TV , Apple TV",Movie
https://www.justwatch.com/in/movie/aranmanai-4, Aranmanai 4 (2024),2024,Horror,5.1,2h 28min,U,India,Hotstar,Movie
https://www.justwatch.com/in/movie/rockstar, Rockstar (2011),2011,"Drama, Music & Musical, Romance",7.8,2h 39min,UA,India,"Apple TV , Jio Cinema , Zee5 , Eros Now Select Apple TV Channel , Jio Cinema , Apple TV , Apple TV , Bookmyshow",Movie
https://www.justwatch.com/in/movie/untitled-vicky-kaushal-prime-video-project, Bad Newz (2024),2024,"Comedy, Drama, Romance",6.0,2h 20min,UA,India,,Movie
https://www.justwatch.com/in/movie/hanu-man, Hanu-Man (2024),2024,"Fantasy, Science-Fiction, Action & Adventure",7.8,2h 39min,UA,India,"Jio Cinema , Zee5 , Hotstar , Jio Cinema",Movie
https://www.justwatch.com/in/movie/hit-man, Hit Man (2024),2024,"Comedy, Crime, Romance",6.9,1h 55min,A,United States,Netflix,Movie
https://www.justwatch.com/in/movie/harry-potter-and-the-philosophers-stone, Harry Potter and the Philosopher's Stone (2001),2001,"Fantasy, Kids & Family",7.6,2h 32min,U,"United States, United Kingdom","Apple TV , Jio Cinema , Apple TV , Tata Play , Apple TV",Movie
https://www.justwatch.com/in/movie/sultan, Sultan (2016),2016,"Romance, Action & Adventure, Drama, Sport",7.1,2h 50min,UA,India,"Amazon Prime Video , Apple TV , Amazon Prime Video , Apple TV , Amazon Video , Apple TV",Movie
https://www.justwatch.com/in/movie/little-hearts, Little Hearts (2024),2024,"Comedy, Romance, Drama",6.8,2h 16min,UA,India,"Amazon Prime Video , Amazon Prime Video",Movie
https://www.justwatch.com/in/movie/civil-war-2024-0, Civil War (2024),2024,"Action & Adventure, Mystery & Thriller, Drama",7.1,1h 49min,UA,"United States, United Kingdom","Amazon Prime Video , Amazon Prime Video",Movie
https://www.justwatch.com/in/movie/sri-2023, Srikanth (2024),2024,Drama,7.5,2h 14min,U,India,Netflix,Movie
https://www.justwatch.com/in/movie/satyabhama, Satyabhama (2024),2024,"Crime, Drama, Mystery & Thriller",6.5,2h 12min,UA,India,"Amazon Prime Video , Amazon Prime Video , Jio Cinema",Movie
https://www.justwatch.com/in/movie/punch-drunk-love, Punch-Drunk Love (2002),2002,"Romance, Drama, Comedy, Mystery & Thriller, Made in Europe",7.3,1h 36min,U,United States,"Apple TV , Netflix , Sony Pictures Amazon Channel , Amazon Video , Apple TV , Apple TV",Movie
https://www.justwatch.com/in/movie/garudan-2024, Garudan (2024),2024,"Crime, Mystery & Thriller, Action & Adventure",7.2,2h 13min,UA,India,"Amazon Prime Video , Amazon Prime Video , Amazon Video",Movie
https://www.justwatch.com/in/movie/the-intern, The Intern (2015),2015,"Comedy, Drama",7.1,2h 2min,UA,United States,"Apple TV , Jio Cinema , Netflix , Amazon Video , Apple TV , Apple TV",Movie
https://www.justwatch.com/in/movie/tumbbad, Tumbbad (2018),2018,"Fantasy, Horror, Mystery & Thriller, Drama, Made in Europe",8.2,1h 53min,A,"India, Sweden",,Movie
https://www.justwatch.com/in/movie/logan, Logan (2017),2017,"Action & Adventure, Drama, Science-Fiction, Mystery & Thriller",8.1,2h 3min,A,United States,"Apple TV , Hotstar , Amazon Video , Apple TV , Apple TV",Movie
https://www.justwatch.com/in/movie/eternal-sunshine-of-the-spotless-mind, Eternal Sunshine of the Spotless Mind (2004),2004,"Science-Fiction, Drama, Romance",8.3,1h 48min,A,United States,"Netflix , Amazon Video",Movie
https://www.justwatch.com/in/movie/jawan, Jawan (2023),2023,"Mystery & Thriller, Action & Adventure, Crime, Drama",6.9,2h 49min,UA,India,"Apple TV , Netflix , Apple TV , Apple TV",Movie
https://www.justwatch.com/in/movie/exhuma, Exhuma (2024),2024,"Mystery & Thriller, Horror",6.9,2h 14min,UA,South Korea,Bookmyshow,Movie
https://www.justwatch.com/in/movie/kakuda, Kakuda (2024),2024,"Comedy, Horror",5.4,1h 57min,UA,India,Zee5,Movie
https://www.justwatch.com/in/movie/k-g-f-chapter-1, K.G.F: Chapter 1 (2018),2018,"Mystery & Thriller, Action & Adventure, Crime, Drama",8.2,2h 36min,UA,India,Hotstar,Movie
https://www.justwatch.com/in/movie/kingsman-the-secret-service, Kingsman: The Secret Service (2014),2014,"Action & Adventure, Crime, Comedy, Mystery & Thriller",7.7,2h 9min,A,"United States, United Kingdom","Apple TV , Hotstar , Netflix , Amazon Video , Apple TV , Apple TV",Movie
https://www.justwatch.com/in/movie/trisha-on-the-rocks, Trisha on the Rocks (2024),2024,"Romance, Comedy",5.7,2h 52min,UA,India,"Amazon Prime Video , Amazon Prime Video",Movie
https://www.justwatch.com/in/movie/music-shop-murthy, Music Shop Murthy (2024),2024,"Music & Musical, Comedy, Drama",8.8,2h 7min,UA,India,"Amazon Prime Video , Amazon Prime Video",Movie
https://www.justwatch.com/in/movie/777-charlie, 777 Charlie (2022),2022,"Comedy, Drama, Action & Adventure",8.7,2h 46min,UA,India,"Amazon Prime Video , Apple TV , Amazon Prime Video , Jio Cinema , Jio Cinema , Apple TV , Apple TV",Movie
https://www.justwatch.com/in/movie/bhaag-milkha-bhaag, Bhaag Milkha Bhaag (2013),2013,"History, Drama, Sport",8.2,3h 6min,U,India,,Movie
https://www.justwatch.com/in/movie/vikram-2021, Vikram (2022),2022,"Mystery & Thriller, Crime, Drama, Action & Adventure",8.3,2h 54min,UA,India,"Zee5 , Hotstar",Movie
https://www.justwatch.com/in/movie/the-wolf-of-wall-street, The Wolf of Wall Street (2013),2013,"Crime, Drama, Comedy",8.2,3h 0min,A,United States,"Lionsgate Play , Lionsgate Play Apple TV Channel , Lionsgate Play Amazon Channel , Amazon Video",Movie
https://www.justwatch.com/in/movie/demonte-colony, Demonte Colony (2015),2015,"Comedy, Horror, Mystery & Thriller",7.0,1h 56min,UA,India,Sun Nxt,Movie
https://www.justwatch.com/in/movie/hereditary, Hereditary (2018),2018,"Horror, Mystery & Thriller, Drama",7.3,2h 8min,A,United States,"Amazon Prime Video , MUBI , Amazon Prime Video , VI movies and tv , MUBI Amazon Channel",Movie
https://www.justwatch.com/in/movie/mangalavaram, Mangalavaaram (2023),2023,"Action & Adventure, Horror, Mystery & Thriller",6.7,2h 29min,A,India,Hotstar,Movie
https://www.justwatch.com/in/movie/memories-of-murder, Memories of Murder (2003),2003,"Crime, Drama, Mystery & Thriller",8.1,2h 11min,UA,South Korea,,Movie
https://www.justwatch.com/in/movie/the-unbearable-weight-of-massive-talent, The Unbearable Weight of Massive Talent (2022),2022,"Comedy, Action & Adventure, Crime, Mystery & Thriller",7.0,1h 47min,A,United States,"Apple TV , Lionsgate Play , Netflix , Amazon Video , Apple TV , Apple TV",Movie
https://www.justwatch.com/in/movie/super-deluxe, Super Deluxe (2019),2019,"Comedy, Mystery & Thriller, Drama, Crime",8.2,2h 56min,A,India,"Apple TV , aha , Apple TV , Apple TV",Movie
https://www.justwatch.com/in/tv-show/mirzapur,Mirzapur (2018),2018,"Action & Adventure, Drama, Mystery & Thriller, Crime",8.4,50min,A,India,"Amazon Prime Video , Amazon Prime Video",TV Show
https://www.justwatch.com/in/tv-show/house-of-the-dragon,House of the Dragon (2022),2022,"Science-Fiction, Drama, Action & Adventure, Fantasy, Romance",8.4,1h 0min,A,United States,Jio Cinema,TV Show
https://www.justwatch.com/in/tv-show/adams-sweet-agony,Adam's Sweet Agony (2024),2024,Animation,NA,3min,A,Japan,"Amazon Prime Video , Amazon Prime Video , Anime Times Amazon Channel",TV Show
https://www.justwatch.com/in/tv-show/gyaarah-gyaarah,Gyaarah Gyaarah (2024),2024,"Fantasy, Drama, Science-Fiction",8.3,43min,A,India,Zee5,TV Show
https://www.justwatch.com/in/tv-show/the-boys,The Boys (2019),2019,"Science-Fiction, Action & Adventure, Crime, Drama, Comedy",8.7,1h 1min,A,United States,"Amazon Prime Video , Amazon Prime Video",TV Show
https://www.justwatch.com/in/tv-show/game-of-thrones,Game of Thrones (2011),2011,"Science-Fiction, Drama, Action & Adventure, Fantasy",9.2,58min,U,United States,Jio Cinema,TV Show
https://www.justwatch.com/in/tv-show/panchayat,Panchayat (2020),2020,"Drama, Comedy",9.0,35min,U,India,"Amazon Prime Video , Amazon Prime Video",TV Show
https://www.justwatch.com/in/tv-show/sweet-home,Sweet Home (2020),2020,"Science-Fiction, Drama, Fantasy, Horror, Mystery & Thriller",7.3,58min,A,South Korea,Netflix,TV Show
https://www.justwatch.com/in/tv-show/apharan,Apharan (2018),2018,"Action & Adventure, Crime, Mystery & Thriller, Drama",8.2,24min,A,India,Alt Balaji,TV Show
https://www.justwatch.com/in/tv-show/x-x-x-uncensored,XXX: Uncensored (2018),2018,"Comedy, Drama, Romance",4.8,22min,A,India,Alt Balaji,TV Show
https://www.justwatch.com/in/tv-show/shekhar-home,Shekhar Home (2024),2024,"Drama, Crime",8.3,42min,A,India,Jio Cinema,TV Show
https://www.justwatch.com/in/tv-show/attack-on-titan,Attack on Titan (2013),2013,"Animation, Action & Adventure, Drama, Fantasy, Horror, Science-Fiction",9.1,25min,UA,Japan,"Amazon Prime Video , Amazon Prime Video , Anime Times Amazon Channel",TV Show
https://www.justwatch.com/in/tv-show/shogun-2024,Shōgun (2024),2024,"War & Military, Drama, History",8.7,59min,UA,United States,Hotstar,TV Show
https://www.justwatch.com/in/tv-show/batman-caped-crusader,Batman: Caped Crusader (2024),2024,"Action & Adventure, Crime, Kids & Family, Fantasy, Science-Fiction, Animation",7.3,25min,UA,United States,"Amazon Prime Video , Amazon Prime Video",TV Show
https://www.justwatch.com/in/tv-show/elite,Elite (2018),2018,"Drama, Crime, Mystery & Thriller",7.2,49min,A,Spain,Netflix,TV Show
https://www.justwatch.com/in/tv-show/the-umbrella-academy,The Umbrella Academy (2019),2019,"Science-Fiction, Action & Adventure, Comedy, Drama, Fantasy",7.9,51min,A,United States,Netflix,TV Show
https://www.justwatch.com/in/tv-show/demon-slayer-kimetsu-no-yaiba,Demon Slayer: Kimetsu no Yaiba (2019),2019,"Animation, Action & Adventure, Science-Fiction, Mystery & Thriller, Fantasy",8.6,26min,A,Japan,"Netflix , Crunchyroll Amazon Channel",TV Show
https://www.justwatch.com/in/tv-show/tribhuvan-mishra-ca-topper,Tribhuvan Mishra CA Topper (2024),2024,"Comedy, Crime, Drama, Mystery & Thriller",7.0,57min,A,India,Netflix,TV Show
https://www.justwatch.com/in/tv-show/shahmaran,Shahmaran (2023),2023,"Action & Adventure, Drama, Science-Fiction, Mystery & Thriller, Fantasy, Romance",5.3,49min,A,Turkey,Netflix,TV Show
https://www.justwatch.com/in/tv-show/mad-men,Mad Men (2007),2007,Drama,8.7,49min,U,United States,"Netflix , Lionsgate Play , Lionsgate Play Apple TV Channel , Lionsgate Play Amazon Channel",TV Show
https://www.justwatch.com/in/tv-show/mastram,Mastram (2020),2020,"Drama, Fantasy, Comedy",6.9,28min,U,India,,TV Show
https://www.justwatch.com/in/tv-show/presumed-innocent,Presumed Innocent (2024),2024,"Drama, Crime",7.7,43min,U,United States,"Apple TV Plus , Apple TV+",TV Show
https://www.justwatch.com/in/tv-show/paperhouse,Money Heist (2017),2017,"Crime, Drama, Mystery & Thriller, Action & Adventure, Made in Europe",8.2,50min,U,Spain,Netflix,TV Show
https://www.justwatch.com/in/tv-show/bigg-boss-ott,Bigg Boss OTT (2021),2021,Reality TV,1.9,1h 28min,A,India,Jio Cinema,TV Show
https://www.justwatch.com/in/tv-show/the-bear,The Bear (2022),2022,"Comedy, Drama",8.6,34min,A,United States,Hotstar,TV Show
https://www.justwatch.com/in/tv-show/farzi,Farzi (2023),2023,"Crime, Drama, Mystery & Thriller",8.4,56min,A,India,"Amazon Prime Video , Amazon Prime Video",TV Show
https://www.justwatch.com/in/tv-show/bigg-boss,Bigg Boss (2006),2006,"Kids & Family, Reality TV",3.6,1h 16min,A,India,Hotstar,TV Show
https://www.justwatch.com/in/tv-show/asur,Asur: Welcome to Your Dark Side (2020),2020,"Mystery & Thriller, Crime, Drama",8.5,47min,A,India,Jio Cinema,TV Show
https://www.justwatch.com/in/tv-show/a-good-girls-guide-to-murder,A Good Girl's Guide to Murder (2024),2024,"Drama, Mystery & Thriller, Crime",6.8,44min,A,"United Kingdom, Germany",Netflix,TV Show
https://www.justwatch.com/in/tv-show/gullak,Gullak (2019),2019,"Comedy, Drama, Kids & Family",9.1,30min,A,India,Sony Liv,TV Show
https://www.justwatch.com/in/tv-show/aashram,Aashram (2020),2020,"Drama, Crime, Mystery & Thriller",6.6,43min,A,India,MX Player,TV Show
https://www.justwatch.com/in/tv-show/unsolved-mysteries-2020,Unsolved Mysteries (2020),2020,"Documentary, Crime",7.3,45min,A,United States,Netflix,TV Show
https://www.justwatch.com/in/tv-show/breaking-bad,Breaking Bad (2008),2008,"Drama, Crime, Mystery & Thriller",9.5,47min,A,United States,Netflix,TV Show
https://www.justwatch.com/in/tv-show/the-family-man,The Family Man (2019),2019,"Action & Adventure, Comedy, Drama",8.7,45min,A,India,"Amazon Prime Video , Amazon Prime Video",TV Show
https://www.justwatch.com/in/tv-show/terror-tuesday-extreme,Terror Tuesday: Extreme (2024),2024,"Drama, Horror, Mystery & Thriller",5.9,43min,A,Thailand,Netflix,TV Show
https://www.justwatch.com/in/tv-show/stranger-things,Stranger Things (2016),2016,"Mystery & Thriller, Action & Adventure, Drama, Science-Fiction, Fantasy, Horror",8.7,1h 1min,A,United States,Netflix,TV Show
https://www.justwatch.com/in/tv-show/evil,Evil (2019),2019,"Crime, Drama, Mystery & Thriller, Horror",7.8,49min,A,United States,Jio Cinema,TV Show
https://www.justwatch.com/in/tv-show/college-romance,College Romance (2018),2018,"Drama, Comedy, Romance",8.3,31min,A,India,Sony Liv,TV Show
https://www.justwatch.com/in/tv-show/the-rookie,The Rookie (2018),2018,"Comedy, Crime, Drama, Action & Adventure",8.0,43min,A,United States,,TV Show
https://www.justwatch.com/in/tv-show/y-the-last-man,Y: The Last Man (2021),2021,"Science-Fiction, Drama, Action & Adventure",6.0,51min,A,United States,,TV Show
https://www.justwatch.com/in/tv-show/scam-1992,Scam 1992: The Harshad Mehta Story (2020),2020,"Mystery & Thriller, Crime, Drama",9.2,52min,A,India,Sony Liv,TV Show
https://www.justwatch.com/in/tv-show/dark,Dark (2017),2017,"Crime, Drama, Science-Fiction, Mystery & Thriller",8.7,56min,A,Germany,Netflix,TV Show
https://www.justwatch.com/in/tv-show/tulsa-king,Tulsa King (2022),2022,"Crime, Drama",8.0,38min,A,United States,Jio Cinema,TV Show
https://www.justwatch.com/in/tv-show/gandii-baat,Gandii Baat (2018),2018,"Crime, Drama, Mystery & Thriller",3.4,44min,A,India,Alt Balaji,TV Show
https://www.justwatch.com/in/tv-show/emily-in-paris,Emily in Paris (2020),2020,"Comedy, Drama, Romance",6.9,31min,A,United States,Netflix,TV Show
https://www.justwatch.com/in/tv-show/sherlock,Sherlock (2010),2010,"Crime, Drama, Mystery & Thriller, Made in Europe",9.1,1h 28min,U,United Kingdom,"Amazon Prime Video , Amazon Prime Video , BBC Player Amazon Channel",TV Show
https://www.justwatch.com/in/tv-show/tujhpe-main-fida,Tujhpe Main Fida (2024),2024,"Romance, Drama",7.9,26min,U,India,"MX Player , Amazon miniTV",TV Show
https://www.justwatch.com/in/tv-show/dark-winds,Dark Winds (2022),2022,"Drama, Mystery & Thriller, Crime",7.7,46min,U,United States,"Amazon Prime Video , Amazon Prime Video",TV Show
https://www.justwatch.com/in/tv-show/from,From (2022),2022,"Horror, Science-Fiction, Mystery & Thriller, Drama",7.7,50min,U,United States,,TV Show
https://www.justwatch.com/in/tv-show/fallout,Fallout (2024),2024,"Drama, Science-Fiction, War & Military, Action & Adventure, Mystery & Thriller",8.4,59min,A,United States,"Amazon Prime Video , Amazon Prime Video",TV Show
https://www.justwatch.com/in/tv-show/kota-factory,Kota Factory (2019),2019,"Drama, Comedy",9.0,43min,A,India,Netflix,TV Show
https://www.justwatch.com/in/tv-show/peaky-blinders,Peaky Blinders (2013),2013,"Drama, Crime",8.8,58min,A,United Kingdom,Netflix,TV Show
https://www.justwatch.com/in/tv-show/3-body-problem,3 Body Problem (2024),2024,"Mystery & Thriller, Drama, Science-Fiction, Fantasy",7.5,56min,A,United States,Netflix,TV Show
https://www.justwatch.com/in/tv-show/raising-voices,Raising Voices (2024),2024,Drama,7.2,46min,A,Spain,Netflix,TV Show
https://www.justwatch.com/in/tv-show/jujutsu-kaisen,Jujutsu Kaisen (2020),2020,"Animation, Action & Adventure, Fantasy, Mystery & Thriller, Science-Fiction",8.6,24min,A,"Japan, United States","Amazon Prime Video , Crunchyroll , Netflix , Amazon Prime Video , Crunchyroll , Crunchyroll Amazon Channel , Anime Times Amazon Channel",TV Show
https://www.justwatch.com/in/tv-show/you,You (2018),2018,"Drama, Mystery & Thriller, Crime, Romance",7.7,48min,A,United States,Netflix,TV Show
https://www.justwatch.com/in/tv-show/mtv-splitsvilla,MTV Splitsvilla (2008),2008,"Drama, Reality TV, Romance",3.9,45min,U,India,Jio Cinema,TV Show
https://www.justwatch.com/in/tv-show/the-walking-dead,The Walking Dead (2010),2010,"Action & Adventure, Drama, Science-Fiction, Horror, Mystery & Thriller",8.1,46min,U,United States,"Amazon Prime Video , Netflix , Amazon Prime Video",TV Show
https://www.justwatch.com/in/tv-show/naruto,Naruto (2002),2002,"Action & Adventure, Science-Fiction, Animation, Comedy, Fantasy",8.4,23min,U,Japan,"Amazon Prime Video , Netflix , Amazon Prime Video , Anime Times Amazon Channel",TV Show
https://www.justwatch.com/in/tv-show/how-i-met-your-mother,How I Met Your Mother (2005),2005,"Comedy, Drama, Romance",8.3,24min,U,United States,Hotstar,TV Show
https://www.justwatch.com/in/tv-show/true-detective,True Detective (2014),2014,"Drama, Mystery & Thriller, Crime",8.9,1h 1min,U,United States,Jio Cinema,TV Show
https://www.justwatch.com/in/tv-show/naruto-shippuden,Naruto Shippūden (2007),2007,"Animation, Action & Adventure, Science-Fiction, Comedy, Drama, Fantasy",8.7,24min,U,Japan,"Crunchyroll , Netflix , Crunchyroll , Crunchyroll Amazon Channel",TV Show
https://www.justwatch.com/in/tv-show/cobra-kai,Cobra Kai (2018),2018,"Action & Adventure, Comedy, Drama, Sport",8.4,35min,A,United States,Netflix,TV Show
https://www.justwatch.com/in/tv-show/euphoria,Euphoria (2019),2019,Drama,8.3,58min,A,United States,Jio Cinema,TV Show
https://www.justwatch.com/in/tv-show/the-good-doctor,The Good Doctor (2017),2017,Drama,8.0,43min,U,United States,"Amazon Prime Video , Amazon Prime Video , Netflix , Sony Liv",TV Show
https://www.justwatch.com/in/tv-show/dark-matter-2024,Dark Matter (2024),2024,"Drama, Science-Fiction, Mystery & Thriller",7.7,52min,A,United States,"Apple TV Plus , Apple TV+",TV Show
https://www.justwatch.com/in/tv-show/the-flash,The Flash (2014),2014,"Drama, Science-Fiction, Action & Adventure",7.5,45min,A,United States,"Amazon Prime Video , Amazon Prime Video",TV Show
https://www.justwatch.com/in/tv-show/modern-family,Modern Family (2009),2009,"Romance, Comedy, Drama",8.5,21min,A,United States,Hotstar,TV Show
https://www.justwatch.com/in/tv-show/squid-game,Squid Game (2021),2021,"Mystery & Thriller, Action & Adventure, Drama",8.0,55min,A,South Korea,Netflix,TV Show
https://www.justwatch.com/in/tv-show/spartacus,Spartacus (2010),2010,"Drama, Romance, Action & Adventure",8.5,54min,A,United States,"Lionsgate Play , Lionsgate Play Apple TV Channel , Lionsgate Play Amazon Channel",TV Show
https://www.justwatch.com/in/tv-show/industry,Industry (2020),2020,Drama,7.2,56min,A,"United Kingdom, United States",Jio Cinema,TV Show
https://www.justwatch.com/in/tv-show/the-influencer-2024,The Influencer (2024),2024,Reality TV,6.1,1h 4min,A,South Korea,Netflix,TV Show
https://www.justwatch.com/in/tv-show/mayor-of-kingstown,Mayor of Kingstown (2021),2021,"Drama, Mystery & Thriller, Crime",8.2,47min,A,United States,"Amazon Prime Video , Amazon Prime Video",TV Show
https://www.justwatch.com/in/tv-show/the-last-of-us,The Last of Us (2023),2023,"Drama, Horror, Science-Fiction, Mystery & Thriller, Action & Adventure",8.7,58min,A,United States,Jio Cinema,TV Show
https://www.justwatch.com/in/tv-show/house,House (2004),2004,"Drama, Mystery & Thriller",8.7,44min,U,United States,"Amazon Prime Video , Netflix , Amazon Prime Video , Jio Cinema",TV Show
https://www.justwatch.com/in/tv-show/person-of-interest,Person of Interest (2011),2011,"Crime, Science-Fiction, Drama, Action & Adventure, Mystery & Thriller",8.5,44min,U,United States,,TV Show
https://www.justwatch.com/in/tv-show/lost,Lost (2004),2004,"Mystery & Thriller, Action & Adventure, Drama, Science-Fiction, Fantasy",8.3,43min,U,United States,,TV Show
https://www.justwatch.com/in/tv-show/all-of-us-are-dead,All of Us Are Dead (2022),2022,"Science-Fiction, Action & Adventure, Drama, Mystery & Thriller, Fantasy, Horror",7.5,1h 1min,U,South Korea,Netflix,TV Show
https://www.justwatch.com/in/tv-show/hidden-love,Hidden Love (2023),2023,Drama,NA,45min,U,China,Netflix,TV Show
https://www.justwatch.com/in/tv-show/romance-in-the-house,Romance in the House (2024),2024,"Kids & Family, Romance, Drama",7.6,1h 2min,U,South Korea,Netflix,TV Show
https://www.justwatch.com/in/tv-show/young-sheldon,Young Sheldon (2017),2017,"Comedy, Kids & Family",7.7,19min,U,United States,"Amazon Prime Video , Amazon Prime Video , Netflix",TV Show
https://www.justwatch.com/in/tv-show/the-legend-of-hanuman,The Legend of Hanuman (2021),2021,"Animation, Action & Adventure, Kids & Family, Fantasy",9.1,21min,U,India,Hotstar,TV Show
https://www.justwatch.com/in/tv-show/under-the-dome,Under the Dome (2013),2013,"Drama, Mystery & Thriller, Science-Fiction",6.5,43min,U,United States,"Amazon Prime Video , Amazon Prime Video",TV Show
https://www.justwatch.com/in/tv-show/prison-break,Prison Break (2005),2005,"Action & Adventure, Drama, Mystery & Thriller, Crime, Made in Europe",8.3,50min,U,United States,Hotstar,TV Show
https://www.justwatch.com/in/tv-show/those-about-to-die,Those About to Die (2024),2024,"Drama, Action & Adventure, Comedy",6.6,53min,U,"United States, Germany, Italy","Amazon Prime Video , Amazon Prime Video",TV Show
https://www.justwatch.com/in/tv-show/the-frog-2024,The Frog (2024),2024,"Crime, Drama, Mystery & Thriller",6.7,58min,U,South Korea,Netflix,TV Show
https://www.justwatch.com/in/tv-show/bad-monkey,Bad Monkey (2024),2024,"Drama, Comedy, Crime",7.3,46min,A,United States,"Apple TV Plus , Apple TV+",TV Show
https://www.justwatch.com/in/tv-show/chernobyl,Chernobyl (2019),2019,"Drama, History, Mystery & Thriller",9.3,1h 5min,A,United States,Jio Cinema,TV Show
https://www.justwatch.com/in/tv-show/the-witcher,The Witcher (2019),2019,"Science-Fiction, Drama, Action & Adventure, Fantasy",8.0,57min,A,United States,Netflix,TV Show
https://www.justwatch.com/in/tv-show/dark-desire,Dark Desire (2020),2020,"Drama, Mystery & Thriller",6.5,34min,A,Mexico,Netflix,TV Show
https://www.justwatch.com/in/tv-show/devils-peak,Devil's Peak (2023),2023,"Crime, Drama, Mystery & Thriller",7.1,52min,A,South Africa,"Amazon Prime Video , Amazon Prime Video , BBC Player Amazon Channel",TV Show
https://www.justwatch.com/in/tv-show/jeet-ki-zid,Jeet Ki Zid (2021),2021,"Action & Adventure, Drama",8.3,39min,UA,India,"Zee5 , VI movies and tv",TV Show
https://www.justwatch.com/in/tv-show/jamnapaar,Jamnapaar (2024),2024,Drama,8.2,32min,UA,India,"MX Player , Amazon miniTV",TV Show
https://www.justwatch.com/in/tv-show/ghosts,Ghosts (2019),2019,"Comedy, Fantasy, Science-Fiction",8.4,30min,UA,United Kingdom,"Amazon Prime Video , BBC Player Amazon Channel , Amazon Prime Video",TV Show
https://www.justwatch.com/in/tv-show/westworld,Westworld (2016),2016,"Drama, Science-Fiction, Western",8.5,1h 1min,A,United States,Jio Cinema,TV Show
https://www.justwatch.com/in/tv-show/the-vampire-diaries,The Vampire Diaries (2009),2009,"Drama, Science-Fiction, Horror, Romance, Mystery & Thriller, Fantasy",7.7,42min,U,United States,"Amazon Prime Video , Netflix , Amazon Prime Video",TV Show
https://www.justwatch.com/in/tv-show/mahabharatham,Mahabharatham (2013),2013,"Drama, History, War & Military",9.0,23min,U,"United States, India",Hotstar,TV Show
https://www.justwatch.com/in/tv-show/paatal-lok,Paatal Lok (2020),2020,"Drama, Crime, Mystery & Thriller",8.1,43min,A,India,"Amazon Prime Video , Amazon Prime Video",TV Show
https://www.justwatch.com/in/tv-show/she,She (2020),2020,"Crime, Drama",6.4,41min,A,India,Netflix,TV Show
https://www.justwatch.com/in/tv-show/lucifer,Lucifer (2016),2016,"Crime, Science-Fiction, Fantasy, Drama",8.1,47min,U,United States,Netflix,TV Show
